258;кукуруза;кукуруза обыкновенная,маис,кукуруза сахарная,кукуруза;https://ru.wikipedia.org/wiki/%D0%9A%D1%83%D0%BA%D1%83%D1%80%D1%83%D0%B7%D0%B0_%D1%81%D0%B0%D1%85%D0%B0%D1%80%D0%BD%D0%B0%D1%8F;24,26,21,33,44,29,39,22,50,53,
316;лимон;лимон обыкновенный, лимон;https://ru.wikipedia.org/wiki/%D0%9B%D0%B8%D0%BC%D0%BE%D0%BD;24,26,48,21,23,22,11,38,41,38,33,54,86,13,45,27,12,48,17,16,18,39,47
308;чай;чайный куст китайский,камелия китайская,чайный куст,чай;https://ru.wikipedia.org/wiki/%D0%A7%D0%B0%D0%B9_(%D1%80%D0%B0%D1%81%D1%82%D0%B5%D0%BD%D0%B8%D0%B5);45,58,21,32,34,22,11,86,13,12,15,38,38
247;гранат;гранат обыкновенный,гранат;https://ru.wikipedia.org/wiki/%D0%93%D1%80%D0%B0%D0%BD%D0%B0%D1%82_%D0%BE%D0%B1%D1%8B%D0%BA%D0%BD%D0%BE%D0%B2%D0%B5%D0%BD%D0%BD%D1%8B%D0%B9;24,54,59,35,26
328;сельдерей;сельдерей пахучий, сельдерей душистый;https://ru.wikipedia.org/wiki/%D0%A1%D0%B5%D0%BB%D1%8C%D0%B4%D0%B5%D1%80%D0%B5%D0%B9_%D0%BF%D0%B0%D1%85%D1%83%D1%87%D0%B8%D0%B9;32,26,23,21,58,28,22,29,30
157;элеутерококк;элеутерококк колючий,чёртов куст,дикий перец,элеутерококк;https://ru.wikipedia.org/wiki/Элеутерококк_колючий;58,28,45,76,
301;айва;айва обыкновенная,айва продолговатая,айва;https://ru.wikipedia.org/wiki/%D0%90%D0%B9%D0%B2%D0%B0;28,59,41,21,35,20,26,11,30,12,
248;капуста;капуста огородная,капуста;https://ru.wikipedia.org/wiki/%D0%9A%D0%B0%D0%BF%D1%83%D1%81%D1%82%D0%B0_%D0%BE%D0%B3%D0%BE%D1%80%D0%BE%D0%B4%D0%BD%D0%B0%D1%8F;24,26,37,41,33,23,50,21,47,22,
240;апельсин;апельсин;https://ru.wikipedia.org/wiki/%D0%90%D0%BF%D0%B5%D0%BB%D1%8C%D1%81%D0%B8%D0%BD;24,28,58,33,22,50,26
200;бессмертник;цмин песчаный,кошачьи лапки,сухоцвет,соломенный цвет,бессмертник песчаный,бессмертник;https://ru.wikipedia.org/wiki/%D0%91%D0%B5%D1%81%D1%81%D0%BC%D0%B5%D1%80%D1%82%D0%BD%D0%B8%D0%BA_%D0%BF%D0%B5%D1%81%D1%87%D0%B0%D0%BD%D1%8B%D0%B9;20,87,21,67,26,32,33
153;рута;манжетка обыкновенная,свиные языки,богова слёзка,недужная,лапа медвежья,грудная трава,кальчужник,борка,приворот,мошки,баранник,лопах,лапка гусиная,лесной хрен,росница,заячья капуста,машко,родимая,лопай,гарник,росянка,шапошник,грудница,рута;https://ru.wikipedia.org/wiki/Манжетка_обыкновенная;39,59,74,41,64,31,77,47,72,11,26,53,32,45,21
291;картофель;паслен клубненосный,паслён клубненосный,картофель;https://ru.wikipedia.org/wiki/%D0%9A%D0%B0%D1%80%D1%82%D0%BE%D1%84%D0%B5%D0%BB%D1%8C;24,39,26,35,47,11,
168;цикорий;цикорий обыкновенный;https://ru.wikipedia.org/wiki/Цикорий_обыкновенный;19,59,26,27,87,58,53,64,84,21,55,86,54,82,21,61,47,13,41,65,72,99,
13;черемша;дикий чеснок,колба,лук медвежий,черемша;https://ru.wikipedia.org/wiki/%D0%A7%D0%B5%D1%80%D0%B5%D0%BC%D1%88%D0%B0;26,20,24,39,50,22,11,48,49
23;бабки;пастушья сумка,сумочник пастуший,серики,гречиха,белен,гирчак,грицики,пастушья сумка обыкновенная,бабки;;44,32,21,55,30,48,26,33,41,22,
318;ананас;ананас крупнохохолковый,ананас крупнохохолковый,ананас;https://ru.wikipedia.org/wiki/%D0%90%D0%BD%D0%B0%D0%BD%D0%B0%D1%81_%D0%BA%D1%80%D1%83%D0%BF%D0%BD%D0%BE%D1%85%D0%BE%D1%85%D0%BE%D0%BB%D0%BA%D0%BE%D0%B2%D1%8B%D0%B9;26,59,24,50,22,86,47
3;чабрец;чабрец ползучий,тимьян ползучий,тимьян,чабрец;;17,19,25,23,45,39,11,26,47,48,49
281;огурец;огурец посевной,огурец обыкновенный,огурец;https://ru.wikipedia.org/wiki/%D0%9E%D0%B3%D1%83%D1%80%D0%B5%D1%86_%D0%BE%D0%B1%D1%8B%D0%BA%D0%BD%D0%BE%D0%B2%D0%B5%D0%BD%D0%BD%D1%8B%D0%B9;21,26,35,44,47
156;тмин обыкновенный;тмин обыкновенный,гуньба,анис дикий,козловки,анис полевой,кмин,кимин,тимон,ганус;https://ru.wikipedia.org/wiki/Тмин_обыкновенный;87,26,67,80,21,84,22,31,59,27,11,34,
17;кориандр;кинза,кориандр овощной,кориандр посевной,кориандр;https://ru.wikipedia.org/wiki/%D0%9A%D0%BE%D1%80%D0%B8%D0%B0%D0%BD%D0%B4%D1%80;26,33,19,25,11,12,47,17,45,33,
184;фенхель;укроп аптечный,фенхель обыкновенный;https://ru.wikipedia.org/wiki/%D0%A4%D0%B5%D0%BD%D1%85%D0%B5%D0%BB%D1%8C_%D0%BE%D0%B1%D1%8B%D0%BA%D0%BD%D0%BE%D0%B2%D0%B5%D0%BD%D0%BD%D1%8B%D0%B9;64,12,74,11,80,87,27,45,20,47,67,26,
259;морковь;морковь посевная;https://ru.wikipedia.org/wiki/%D0%9C%D0%BE%D1%80%D0%BA%D0%BE%D0%B2%D1%8C_%D0%BF%D0%BE%D1%81%D0%B5%D0%B2%D0%BD%D0%B0%D1%8F;24,50,19,39,25,41,26,22,54,12,23,21,32,27,45,17,56
198;подсолнух;подсолнечник однолетний,подсолнечник масличный,подсолнух;https://ru.wikipedia.org/wiki/%D0%9F%D0%BE%D0%B4%D1%81%D0%BE%D0%BB%D0%BD%D0%B5%D1%87%D0%BD%D0%B8%D0%BA_%D0%BE%D0%B4%D0%BD%D0%BE%D0%BB%D0%B5%D1%82%D0%BD%D0%B8%D0%B9;36,80,72,13,11,99,
204;лакрица;лакричник,солодка гладкая,солодка голая,лакрица;https://ru.wikipedia.org/wiki/%D0%9B%D0%B0%D0%BA%D1%80%D0%B8%D1%86%D0%B0;74,64,80,11,69,47,48,82,61,13,53,29,21,22,76
293;арбуз;арбуз обыкновенный,арбуз;https://ru.wikipedia.org/wiki/%D0%90%D1%80%D0%B1%D1%83%D0%B7_%D0%BE%D0%B1%D1%8B%D0%BA%D0%BD%D0%BE%D0%B2%D0%B5%D0%BD%D0%BD%D1%8B%D0%B9;21,32,36,39,26,28,50,24,22,54,33,45,
143;ель;ель европейская,ель обыкновенная,ель;https://ru.wikipedia.org/wiki/Ель_обыкновенная;20,67,13,11,24,48,
12;анютины глазки;брат-и-сестра,топорчики,мотыльки,фиалка трёхцветная,троецветка,анютины глазки;https://ru.wikipedia.org/wiki/Фиалка_трёхцветная;11,21,46,40,47,21,33
5;орех грецкий;красное дерево,греческий орех,царский орех,волошский орех,орех грецкий;;41,24,26,30,21,40,32,11,50,28,26,47,17,51,29
283;инжир;инжир обыкновенный,фига,смоковница обыкновенная,винная ягода,смоква,фиговое дерево,инжир;https://ru.wikipedia.org/wiki/%D0%98%D0%BD%D0%B6%D0%B8%D1%80;47,11,24,36,42,54,56,26,28,22,50,58,48,32,33,21,30
6;чага;берёзовый гриб,чага;https://ru.wikipedia.org/wiki/%D0%A7%D0%B0%D0%B3%D0%B0_(%D0%B3%D1%80%D0%B8%D0%B1);15,26,25,28,45
52;алоэ;столетник,алоэ;;26,55,11,12,35,41,30,40,
10;календула;ноготки,календула;;27,20,41,47,19,40,11,21,29,35,26,22,
250;мать-и-мачеха;мать-и-мачеха обыкновенная,камчужная трава,мать-и-мачеха;https://ru.wikipedia.org/wiki/%D0%9C%D0%B0%D1%82%D1%8C-%D0%B8-%D0%BC%D0%B0%D1%87%D0%B5%D1%85%D0%B0;11,39,
8;чеснок;чеснок;;20,17,18,22,16,39,28,15,19,46,
88;тысячелистник;тысячелистник обыкновенный,порезная трава,тысячелистник;https://ru.wikipedia.org/wiki/Тысячелистник_обыкновенный;44,30,26,21,59,39,20,27,33,41,
212;фасоль;фасоль обыкновенная,фасоль;https://ru.wikipedia.org/wiki/%D0%A4%D0%B0%D1%81%D0%BE%D0%BB%D1%8C_%D0%BE%D0%B1%D1%8B%D0%BA%D0%BD%D0%BE%D0%B2%D0%B5%D0%BD%D0%BD%D0%B0%D1%8F;32,48,76,50,
69;дикая роза;алтей лекарственный,калачики,проскурняк,просвирняк,дикая роза;https://ru.wikipedia.org/wiki/Алтей_лекарственный;11,39,26,21,32,41,35,47,38,69,
245;хрен;хрен деревенский,хрен обыкновенный;https://ru.wikipedia.org/wiki/%D0%A5%D1%80%D0%B5%D0%BD;20,11,19,40,51,39,37,26,33,22,58,86,32,24,21,28,44,48,49,23,16,47,
11;морская капуста;ламинария,морская капуста;;47,24,26,15,22,30,
210;укроп;укроп пахучий,укроп огородный,укроп;https://ru.wikipedia.org/wiki/%D0%A3%D0%BA%D1%80%D0%BE%D0%BF;76,64,84,67,27,11,61,41,22,45,
288;паприка;перец однолетний,перец стручковый,перец овощной,красный перец,паприка;https://ru.wikipedia.org/wiki/%D0%9F%D0%B5%D1%80%D0%B5%D1%86_%D1%81%D1%82%D1%80%D1%83%D1%87%D0%BA%D0%BE%D0%B2%D1%8B%D0%B9;58,26,19,20,25,47,45,49,
253;женьшень;женьшень обыкновенный,женьшень настоящий,женьшень;https://ru.wikipedia.org/wiki/%D0%96%D0%B5%D0%BD%D1%8C%D1%88%D0%B5%D0%BD%D1%8C_%D0%BE%D0%B1%D1%8B%D0%BA%D0%BD%D0%BE%D0%B2%D0%B5%D0%BD%D0%BD%D1%8B%D0%B9;22,44,58,50,24,28,46,56,
266;кизил;кизил обыкновенный;https://ru.wikipedia.org/wiki/%D0%9A%D0%B8%D0%B7%D0%B8%D0%BB_%D0%BE%D0%B1%D1%8B%D0%BA%D0%BD%D0%BE%D0%B2%D0%B5%D0%BD%D0%BD%D1%8B%D0%B9;26,36,11,62,22,45,28,58,39,24,50,36,59,38,38,19,20
105;калина красная;калина обыкновенная,калина красная;https://ru.wikipedia.org/wiki/Калина_обыкновенная;44,30,61,26,45,84,40,53,11,22,76,67,28,80,86,33,47,41,64,42,27,19,22,17,79,80,74,55,59,40,15,39,43,33,
80;орегано;душица обыкновенная,зеновка,душница,ладанка,материнка,орегано;https://ru.wikipedia.org/wiki/Душица_обыкновенная;39,11,74,40,28,26,33,27,45,47,48,26,42,64,76,
211;вишня;вишня кислая,вишня обыкновенная;https://ru.wikipedia.org/wiki/%D0%92%D0%B8%D1%88%D0%BD%D1%8F_%D0%BE%D0%B1%D1%8B%D0%BA%D0%BD%D0%BE%D0%B2%D0%B5%D0%BD%D0%BD%D0%B0%D1%8F;24
15;голубика;голубика обыкновенная,голубика низкорослая,голубика топяная,голубика болотная,голубика;;26,50,22,24,46,53,15
234;абрикос;абрикос обыкновенный,жердель,морель,абрикос обыкновенный,жёлтосливник,абрикос;https://ru.wikipedia.org/wiki/%D0%90%D0%B1%D1%80%D0%B8%D0%BA%D0%BE%D1%81;54,22,47,11,32
285;мелисса;мелисса обыкновенная,лимонная мята,мелисса лекарственная;https://ru.wikipedia.org/wiki/%D0%9C%D0%B5%D0%BB%D0%B8%D1%81%D1%81%D0%B0_%D0%BB%D0%B5%D0%BA%D0%B0%D1%80%D1%81%D1%82%D0%B2%D0%B5%D0%BD%D0%BD%D0%B0%D1%8F;27,45,25,28,18,13,19,20,46,21,26,22,39,11,47,30,48,53,32,34,40,42,31,23,54
260;кабачок;тыква обыкновенная,тыква пепо,кабачок;https://ru.wikipedia.org/wiki/%D0%A2%D1%8B%D0%BA%D0%B2%D0%B0_%D0%BE%D0%B1%D1%8B%D0%BA%D0%BD%D0%BE%D0%B2%D0%B5%D0%BD%D0%BD%D0%B0%D1%8F;21,50,22,32,33,86,27,45,26,17,35,37,39,47,
251;бурак;свекла обыкновенная,буряк,бурак;https://ru.wikipedia.org/wiki/%D0%A1%D0%B2%D1%91%D0%BA%D0%BB%D0%B0_%D0%BE%D0%B1%D1%8B%D0%BA%D0%BD%D0%BE%D0%B2%D0%B5%D0%BD%D0%BD%D0%B0%D1%8F;46,15,54,24,19,26,11,47,22,53,32,41,
327;крыжовник;крыжовник европейский,крыжовник отклонённый,крыжовник обыкновенный;https://ru.wikipedia.org/wiki/%D0%9A%D1%80%D1%8B%D0%B6%D0%BE%D0%B2%D0%BD%D0%B8%D0%BA_%D0%BE%D0%B1%D1%8B%D0%BA%D0%BD%D0%BE%D0%B2%D0%B5%D0%BD%D0%BD%D1%8B%D0%B9;24
84;золотые ключики;первоцвет весенний,примула весенняя,гасник,баранчики,первоцвет лекарственный,ушки,барашки,золотые ключики;https://ru.wikipedia.org/wiki/Первоцвет_весенний;28,74,18,45,48,27,11,82,32,21,69,74,64,11,26
265;редька;редька посевная,редька;https://ru.wikipedia.org/wiki/%D0%A0%D0%B5%D0%B4%D1%8C%D0%BA%D0%B0_%D0%BF%D0%BE%D1%81%D0%B5%D0%B2%D0%BD%D0%B0%D1%8F;24,11,15,26,32,33,23
19;калган;альпиния лекарственная,альпиния галанга,калган лекарственный,калган;https://ru.wikipedia.org/wiki/Лапчатка_прямостоячая;26,40,28,25,
22;лимонник китайский;лимонник китайский;;24,58,45,22,21,29,
18;родиола розовая;золотой корень,розовый корень,родиола розовая;;45,26,22,24,36,34,21,32,53,29,54,40,28,12,47,30,41,12,55,47,
126;череда;череда трехраздельная,шабашник,двузубец,собачник,козьи рожки,золотушная трава,череда;https://ru.wikipedia.org/wiki/Череда_трёхраздельная;19,47,64,42,26,92,57,41,39,20,50,87,84,76,82,72,23,37,33,88,53,18,21,
20;сфагнум;торфяной мох,сфагнум;;20,19,
21;ромашка аптечная;ромашка аптечная;;26,42,44,39,19,20,25,27,43,33,15,30,21,11,37,48,56,35,47,41,29,57,40,34,45
41;софора японская;софора японская;;24,22,41,35,
26;исландский мох;цетрария исландская,исландский мох;https://ru.wikipedia.org/wiki/Цетрария_исландская;26,11,20,19,
286;костяника;костяника каменистая,костяника;https://ru.wikipedia.org/wiki/%D0%9A%D0%BE%D1%81%D1%82%D1%8F%D0%BD%D0%B8%D0%BA%D0%B0;54,11,26,23,15,28,25,34,50,27,45,47,
25;красный корень;копеечник,красный корень;;29,30,21,15,
28;хвощ полевой;хвощ полевой;;21,32,44,41,59,22,48,30,28,40,41,47,33,43,55,58,12,17,11,15,45,23,61,29,
31;лапчатка белая;лапчатка белая;;57,30,26,33,22,19,20,41,37
36;золотуха;золототысячник,золотуха;;17,26,21,32,63,33,47,11,55
226;конский каштан;конский каштан обыкновенный,конский каштан;https://ru.wikipedia.org/wiki/%D0%9A%D0%BE%D0%BD%D1%81%D0%BA%D0%B8%D0%B9_%D0%BA%D0%B0%D1%88%D1%82%D0%B0%D0%BD_%D0%BE%D0%B1%D1%8B%D0%BA%D0%BD%D0%BE%D0%B2%D0%B5%D0%BD%D0%BD%D1%8B%D0%B9;86,22,
323;медуница;легочница,медуница;https://ru.wikipedia.org/wiki/%D0%9C%D0%B5%D0%B4%D1%83%D0%BD%D0%B8%D1%86%D0%B0;11,39,59,61,44,26,54,13,
39;смородина черная;смородина черная;;42,21,32,26,19,24,22,18,
40;куриная слепота;лютик едкий,куриная слепота;https://ru.wikipedia.org/wiki/Лютик_едкий;48,55,35,34,37
35;черноплодная рябина;арония мичурина,черноплодная рябина;https://ru.wikipedia.org/wiki/Арония_черноплодная;24,15,32,21,22,48,33,57,56,28,
56;бузина черная;бузина черная;;42,32,21,19,20,11,18,30,26,48,23,47,35,61,62
309;верблюжья колючка;верблюжья колючка;https://ru.wikipedia.org/wiki/%D0%92%D0%B5%D1%80%D0%B1%D0%BB%D1%8E%D0%B6%D1%8C%D1%8F_%D0%BA%D0%BE%D0%BB%D1%8E%D1%87%D0%BA%D0%B0_%D0%BE%D0%B1%D1%8B%D0%BA%D0%BD%D0%BE%D0%B2%D0%B5%D0%BD%D0%BD%D0%B0%D1%8F;42,21,32,11,26,48,
313;дыня;дыня обыкновенная,дыня;https://ru.wikipedia.org/wiki/%D0%94%D1%8B%D0%BD%D1%8F;24
27;сосна;сосна обыкновенная;;19,11,21,32,
238;репешок;репяшок обыкновенный,репешок лекарственный,репейничек обыкновенный,репешок обыкновенный;https://ru.wikipedia.org/wiki/%D0%A0%D0%B5%D0%BF%D0%B5%D1%88%D0%BE%D0%BA_%D0%BE%D0%B1%D1%8B%D0%BA%D0%BD%D0%BE%D0%B2%D0%B5%D0%BD%D0%BD%D1%8B%D0%B9;39,25,11,42,26,21,32,44,46,13,17,33,48,49,30,22,27,45,
50;полынь горькая;полынь горькая;https://ru.wikipedia.org/wiki/%D0%9F%D0%BE%D0%BB%D1%8B%D0%BD%D1%8C_%D0%B3%D0%BE%D1%80%D1%8C%D0%BA%D0%B0%D1%8F;26,33,27,11,35,47,48,17,54,34,22,55,61,14,43,44,13
44;мята перечная;мята перечная;;26,27,33,11,34,35,19,40,22
29;клевер луговой;клевер красный,клевер луговой;;11,21,32,19,59,26,37,35,25,48,30,55,34,47,23
48;омела белая;омела белая;;26,22,45,32,61,30,43,55,17,21,48,15,
62;багульник болотный;багульник болотный;;20,11,26,19,32,21,48,23,47
217;аир болотный;аир обыкновенный,аир тростниковый,ирный корень,аир болотный;https://ru.wikipedia.org/wiki/%D0%90%D0%B8%D1%80_%D0%BE%D0%B1%D1%8B%D0%BA%D0%BD%D0%BE%D0%B2%D0%B5%D0%BD%D0%BD%D1%8B%D0%B9;50,39,41,25,27,58,12,22,20,67,64,21,
60;орешник;лесной орех,лещина обыкновенная,орешник;;24,32,21,22,29
49;сон трава;прострел раскрытый,сон трава;;41,19,20,30,11,47,48,35,
47;репейник;лопух большой,репей,репейник;https://ru.wikipedia.org/wiki/Лопух_большой;24,32,33,23,26,62,41,48,42,21,65,47,15
51;акация белая;робиния ложноакациевая,акация белая;;59,11,36,26,32,21,22,49,45
87;короста;белена черная,бешеная трава,блекота,зубник,короста;https://ru.wikipedia.org/wiki/Белена_чёрная;67,45,25,40,41
43;одуванчик лекарственный;одуванчик полевой,одуванчик аптечный,одуванчик обыкновенный,одуванчик лекарственный;;32,33,21,26,17,54,24,47,61,15,42,36,28,31,38,35,
262;воронец;клопогон даурский,воронец;https://ru.wikipedia.org/wiki/%D0%92%D0%BE%D1%80%D0%BE%D0%BD%D0%B5%D1%86_(%D1%80%D0%B0%D1%81%D1%82%D0%B5%D0%BD%D0%B8%D0%B5);26
46;можжевельник;можжевельник обыкновенный;;55,21,32,33,11,26,19,48,30,23,47,13,
72;бархат амурский;бархат амурский;https://ru.wikipedia.org/wiki/Бархат_амурский;58,19,36,44,53,13,47,23,65,32,12,55,
57;аралия маньчжурская;аралия высокая,аралия маньчжурская;;58,22,21,45,
54;лиственница сибирская;лиственница сибирская;;24,48,22
166;кукольник;чемерица лобеля,чемерика,чемерка,чемеричный корень,жимерица,чемера,чемерис,чихотка,кукольник;https://ru.wikipedia.org/wiki/Чемерица_Лобеля;47,36,48,11
45;ландыш майский;ландыш майский;;22,33,
155;эфедра;хвойник,эфедра;https://ru.wikipedia.org/wiki/Хвойник;18,13,11,39,
59;трилистник;вахта,трилистник;https://ru.wikipedia.org/wiki/%D0%92%D0%B0%D1%85%D1%82%D0%B0_(%D1%80%D0%B0%D1%81%D1%82%D0%B5%D0%BD%D0%B8%D0%B5);33,32,21,26,27,58,55,41,47,25,43
65;левзея сафлоровидная;маралий корень,рапонтикум сафлоровидный,большеголовник сафлоровидный,левзея сафлоровидная;https://ru.wikipedia.org/wiki/Рапонтикум_сафлоровидный;28,21,29
83;буквица лекарственная;буквица лекарственная;https://ru.wikipedia.org/wiki/Буквица_лекарственная;11,79,80
94;барбарис;барбарис обыкновенный;https://ru.wikipedia.org/wiki/Барбарис_обыкновенный;28,44,21,25,39,15,32,33,42,30,
74;донник лекарственный;донник жёлтый,донная трава,жёлтый буркун,итальянская трава,буркун,донник лекарственный;https://ru.wikipedia.org/wiki/Донник_лекарственный;48,43,22
66;шалфей лекарственный;шалфей лекарственный;;55,11,28,40,23,49,62,30,26,32,33,47,37,20,
216;сушеница топяная;сушеница болотная,жабья трава,горлянка,сушеница топяная;https://ru.wikipedia.org/wiki/%D0%A1%D1%83%D1%88%D0%B5%D0%BD%D0%B8%D1%86%D0%B0_%D1%82%D0%BE%D0%BF%D1%8F%D0%BD%D0%B0%D1%8F;41,35,76,22,26,53,55,45,
149;медвежьи ушки;толокнянка обыкновенна,медвежье ушко,мучница,медвежья ягода,медвежьи ушки;https://ru.wikipedia.org/wiki/Толокнянка_обыкновенная;59,19,21,64,
64;марьин корень;сердечные ягоды,пион уклоняющийся,пион марьин-корень,марьин корень;https://ru.wikipedia.org/wiki/Пион_уклоняющийся;27,23,48,26,
257;дурман;дурман вонючий,дурнишник,бадура,бодяк,дурман обыкновенный;https://ru.wikipedia.org/wiki/%D0%94%D1%83%D1%80%D0%BC%D0%B0%D0%BD_%D0%BE%D0%B1%D1%8B%D0%BA%D0%BD%D0%BE%D0%B2%D0%B5%D0%BD%D0%BD%D1%8B%D0%B9;27,45,25,11,26,24,
93;синюха голубая;синюха лазурная,синюха лазоревая,синюха голубая;https://ru.wikipedia.org/wiki/Синюха_голубая;11,74,84,26,
97;зверобой продырявленный;хворобой,зверобой обыкновенный,зверобойник,кровца,зверобой продырявленный;https://ru.wikipedia.org/wiki/Зверобой_продырявленный;59,19,26,21,40,45,22,49,30,13,55,58,82,48,23,41,39,59,44,35,64
225;александрийский лист;кассия остролистная,александрийская сенна,кассия александрийская,кассия узколистная,александрийский лист;https://ru.wikipedia.org/wiki/%D0%A1%D0%B5%D0%BD%D0%BD%D0%B0_%D0%B0%D0%BB%D0%B5%D0%BA%D1%81%D0%B0%D0%BD%D0%B4%D1%80%D0%B8%D0%B9%D1%81%D0%BA%D0%B0%D1%8F;80,33,21
42;кувшинка белая;кувшинка белая;;27,36,47,22,40
67;пырей ползучий;пырей ползучий;;21,32,26,11,33,22,37,39,48,47,
73;плаун булавовидный;плаун булавовидный;https://ru.wikipedia.org/wiki/Плаун_булавовидный;66,49,40,41,21,33,11,26,39,27,25,67,39,64,30,50,13,42,36,18,23,47,43,45,48,44,17,35,61,69,
117;иссоп лекарственный;иссоп лекарственный;https://ru.wikipedia.org/wiki/Иссоп_лекарственный;19,11,26,74,54,45,22,48,17,64,58,19,37,12,40,41,
70;крапива двудомная;жегала,жигалка,жгучка,крапива двудомная;https://ru.wikipedia.org/wiki/Крапива_двудомная;24,41,61,44,30,50,21,32,49
100;шоколадное дерево;cacao,шоколадное дерево;https://ru.wikipedia.org/wiki/Какао;11,46,
254;кипрей узколистный;иван чай узколистный,иван-чай узколистный,кипрей узколистный;https://ru.wikipedia.org/wiki/%D0%98%D0%B2%D0%B0%D0%BD-%D1%87%D0%B0%D0%B9_%D1%83%D0%B7%D0%BA%D0%BE%D0%BB%D0%B8%D1%81%D1%82%D0%BD%D1%8B%D0%B9;24
104;расторопша пятнистая;остро-пёстро,расторопша пятнистая;https://ru.wikipedia.org/wiki/Расторопша_пятнистая;87,33,21,11,18,88,
246;огуречная трава;бурачник лекарственный,огуречник,бурачник,огуречная трава;https://ru.wikipedia.org/wiki/%D0%9E%D0%B3%D1%83%D1%80%D0%B5%D1%87%D0%BD%D0%B0%D1%8F_%D1%82%D1%80%D0%B0%D0%B2%D0%B0;58,47,48,23,50,45,27,26,21,42,32,39,22,33,
63;пихта сибирская;пихта сибирская;;22,11,41,47,21,32,48,22,38
55;рябина;рябина обыкновенная;;24,21,32,22,42,26,
90;тополь черный;осокорь,тополь черный;https://ru.wikipedia.org/wiki/Тополь_чёрный;11,29,21,32,45,61,23,18,30,15,55,48,74,84,36,19,69,41,35,61,47
118;астрагал шерстистоцветковый;астрагал пушистоцветковый,астрагал шерстистоцветковый;https://ru.wikipedia.org/wiki/Астрагал_шерстистоцветковый5.D1.81.D0.BA.D0.B8.D0.B5_.D1.81.D0.B2.D0.BE.D0.B9.D1.81.D1.82.D0.B2.D0.B0;27,84,76,22,92,32,64,32,74,35,48,45,40,86,
241;горец почечуйный;почечуйная трава,блошная трава,гусятник,горец почечуйный;https://ru.wikipedia.org/wiki/%D0%93%D0%BE%D1%80%D0%B5%D1%86_%D0%BF%D0%BE%D1%87%D0%B5%D1%87%D1%83%D0%B9%D0%BD%D1%8B%D0%B9;26,44,30,61,
131;дягиль лекарственный;аптечный дягиль,дудник,пушка,дудник лекарственный,дягель,дудел,дягиль,дягиль лекарственный;https://ru.wikipedia.org/wiki/Дягиль_лекарственный;26,21,18,11,20,74,67,84,64,42,58,39,87,22,20,27,15,59,28,45,17,82,48,40,38,19,
68;адонис весенний;адонис весенний;;22,27,21,32,23,43,38
208;витекс священный;авраамово дерево,витекс обыкновенный,монашеский перец,прутняк обыкновенный,витекс священный;https://ru.wikipedia.org/wiki/%D0%92%D0%B8%D1%82%D0%B5%D0%BA%D1%81_%D1%81%D0%B2%D1%8F%D1%89%D0%B5%D0%BD%D0%BD%D1%8B%D0%B9;99,33,88,30,29
89;щавель конский;щавель конский;https://ru.wikipedia.org/wiki/Щавель_конский;26,76,17,59,64,80,44,20,39,27,47,41,11,34,40,30,
75;кубышка желтая;кувшинка жёлтая,кубышка желтая;https://ru.wikipedia.org/wiki/Кубышка_жёлтая;30
303;адамов корень;огненный корень,переступ,водогон,недоступ,тамус обыкновенный,сальный корень,адамов корень;https://ru.wikipedia.org/wiki/%D0%94%D0%B8%D0%BE%D1%81%D0%BA%D0%BE%D1%80%D0%B5%D1%8F_%D0%BE%D0%B1%D1%8B%D0%BA%D0%BD%D0%BE%D0%B2%D0%B5%D0%BD%D0%BD%D0%B0%D1%8F;48,23,
92;василек синий;василёк посевной,василек синий;https://ru.wikipedia.org/wiki/Василёк_синий;64,39,67,86,21,32,12,30,47,11,26,45
98;сирень;сирень обыкновенная;https://ru.wikipedia.org/wiki/Сирень_обыкновенная;42,25,41,32,55,11,
319;валериана лекарственная;кошачья трава,валериана лекарственная;https://ru.wikipedia.org/wiki/%D0%92%D0%B0%D0%BB%D0%B5%D1%80%D0%B8%D0%B0%D0%BD%D0%B0_%D0%BB%D0%B5%D0%BA%D0%B0%D1%80%D1%81%D1%82%D0%B2%D0%B5%D0%BD%D0%BD%D0%B0%D1%8F;27,45,26,21,32,22,34,33,57,30,47
82;боярышник кроваво красный;боярышник кровяно-красный,боярышник сибирский,боярышник кроваво красный;https://ru.wikipedia.org/wiki/Боярышник_кроваво-красный;22,60,21,45,27,28,77,31,58,36,26,76,50,47,
95;кровохлебка лекарственная;кровохлебка лекарственная,черноголовка,хлебенка,снурок,угрим,бедренец,каточки,трудница,серебряный лист,катышки,рябинник,сабина,луговка,красноголовник,дикая рябина,шишечки,кровососка,черноголовник,мышьяк;https://ru.wikipedia.org/wiki/Кровохлёбка_лекарственная;20,59,44,26,40,30,61,35,19,25,39,41,55
109;водяной перец;горец перечный,водяной перец;https://ru.wikipedia.org/wiki/Горец_перечный;59,44,30,61,25,41,47,33,21,26,11,99,
78;пижма;сорокобратов,девятильник,полевая рябинка,приворотень,дикая рябинка,пижма обыкновенная;https://ru.wikipedia.org/wiki/Пижма_обыкновенная;17,50,33,26,48,64,59,30,27,41,21,47,
107;ива белая;белолоз,белотал,ива серебристая,ветла,ива белая;https://ru.wikipedia.org/wiki/Ива_белая;36,99,
101;вереск;вереск обыкновенный;https://ru.wikipedia.org/wiki/Вереск;39,64,20,21,48,18,
99;черемуха;черёмуха птичья,черемуха обыкновенная;https://ru.wikipedia.org/wiki/Черёмуха_обыкновенная;26,12,55,11,40,64,42,49,82,41,
121;лох узколистный;лох узколистный;https://ru.wikipedia.org/wiki/Лох_узколистный;59,26,86,40,17,22,48,41,82
58;земляника лесная;земляника лесная;;32,33,21,54,62
123;чернобыльник;чернобыльник,полынь обыкновенная,чернобыль;https://ru.wikipedia.org/wiki/Полынь_обыкновенная;26,58,27,92,41,80,87,36,17,58,45,27,18,30,59,55,86,76,47,39,
120;роза крымская;шиповник французский,роза крымская;https://ru.wikipedia.org/wiki/Шиповник_французский;80,26,
116;окопник лекарственный;окопник лекарственный;https://ru.wikipedia.org/wiki/Окопник_лекарственный;59,39,19,44,91
124;хмель;хмель вьющийся,хмель обыкновенный;https://ru.wikipedia.org/wiki/Хмель_обыкновенный;22,32,84,26,27,25,21,45,20,47,31,88,33,55,86,50,34,94
141;рута душистая;рута пахучая,рута душистая;https://ru.wikipedia.org/wiki/Рута_душистая;45,28,19,48,43,34,51,72,67,58,
203;роза майская;шиповник коричный,шиповник майский,роза майская;https://ru.wikipedia.org/wiki/%D0%A8%D0%B8%D0%BF%D0%BE%D0%B2%D0%BD%D0%B8%D0%BA_%D0%BC%D0%B0%D0%B9%D1%81%D0%BA%D0%B8%D0%B9;24,41,
127;росянка круглолистная;любимая трава,росички,росица,росянка круглолистная;https://ru.wikipedia.org/wiki/Росянка_круглолистная#.D0.A5.D0.BE.D0.B7.D1.8F.D0.B9.D1.81.D1.82.D0.B2.D0.B5.D0.BD.D0.BD.D0.BE.D0.B5_.D0.B7.D0.BD.D0.B0.D1.87.D0.B5.D0.BD.D0.B8.D0.B5;20,74,11,55,47
194;календула лекарственная;ноготки лекарственные,календула лекарственная;https://ru.wikipedia.org/wiki/%D0%9D%D0%BE%D0%B3%D0%BE%D1%82%D0%BA%D0%B8_%D0%BB%D0%B5%D0%BA%D0%B0%D1%80%D1%81%D1%82%D0%B2%D0%B5%D0%BD%D0%BD%D1%8B%D0%B5;41,20,39,87,11,26,33,40,35,47,19
134;будра плющевидная;собачья мята,будра плющевидная;https://ru.wikipedia.org/wiki/Будра_плющевидная;24,58,11,33,21,57,47,87,64,39,25
9;любка двулистная;любка двулистная,кукушкины слёзки,любим-корень,ятрышник,перелой,ятрышник пятнистый,собачьи языки,ночная фиалка,ночные духи,сердечник,вымечко,кокуй;https://ru.wikipedia.org/wiki/Ятрышник;40,38,21,30,47,26,41,45,37
132;герань луговая;герань луговая;https://ru.wikipedia.org/wiki/Герань_луговая;15,23,11,26,36,38,30,61,21,48,82,22,37,39,94,44,27,47,12,38,
130;болиголов пятнистый;болиголов пятнистый;https://ru.wikipedia.org/wiki/Болиголов_пятнистый;27,43,25,34,15,21,30,11,26
111;береза бородавчатая;берёза повисшая,берёза плакучая,берёза бородавчатая,береза бородавчатая;https://ru.wikipedia.org/wiki/Берёза_повислая;87,21,42,20,39,41,28,47,38,89,
129;арника горная;баранник горный,арника горная;https://ru.wikipedia.org/wiki/Арника_горная;87,44,30,58,84,43,45,76,22
152;бадан толстолистный;монгольский чай,бадан толстолистный;https://ru.wikipedia.org/wiki/Бадан_толстолистный;44,59,39,19,22,76,55,11,18,34,36,26,30,61,40,41,48
164;дрок красильный;дрок красильный;https://ru.wikipedia.org/wiki/Дрок_красильный;57,22,20,33,34,76,86,48,82,23,26,13,99
154;крушина ломкая;крушина ольховидная,крушина ломкая;https://ru.wikipedia.org/wiki/Крушина_ломкая;80,61,38
161;малина;малина обыкновенная;https://ru.wikipedia.org/wiki/Малина;42,36,18
310;калужница болотная;лягушачья трава,калужница болотная;https://ru.wikipedia.org/wiki/%D0%9A%D0%B0%D0%BB%D1%83%D0%B6%D0%BD%D0%B8%D1%86%D0%B0_%D0%B1%D0%BE%D0%BB%D0%BE%D1%82%D0%BD%D0%B0%D1%8F;11
219;золотая розга;золотарник обыкновенный,железнянка,живительная,золотень,золотушник,золотая розга;https://ru.wikipedia.org/wiki/%D0%97%D0%BE%D0%BB%D0%BE%D1%82%D0%B0%D1%80%D0%BD%D0%B8%D0%BA_%D0%BE%D0%B1%D1%8B%D0%BA%D0%BD%D0%BE%D0%B2%D0%B5%D0%BD%D0%BD%D1%8B%D0%B9;64,39,20,21,32,18,42,19,59,74,41,11,53,55,48,82,23,26,30,47,86,35,29,45,37,22,
175;галега;козлятник лекарственный,галега лекарственная,козья рута,козлятник аптечный,галега;https://ru.wikipedia.org/wiki/%D0%9A%D0%BE%D0%B7%D0%BB%D1%8F%D1%82%D0%BD%D0%B8%D0%BA_%D0%BB%D0%B5%D0%BA%D0%B0%D1%80%D1%81%D1%82%D0%B2%D0%B5%D0%BD%D0%BD%D1%8B%D0%B9;53,31,42,64,
122;ольха серая;елоха,ольха белая,ольха серая;https://ru.wikipedia.org/wiki/Ольха_серая;24,59,39,44,42,26,48,18,
256;анабазис;анабазис безлистный,итсегек,ежовник,биюргун,ежовник безлистный,анабазис;https://ru.wikipedia.org/wiki/%D0%95%D0%B6%D0%BE%D0%B2%D0%BD%D0%B8%D0%BA_(%D1%81%D0%B5%D0%BC%D0%B5%D0%B9%D1%81%D1%82%D0%B2%D0%BE_%D0%90%D0%BC%D0%B0%D1%80%D0%B0%D0%BD%D1%82%D0%BE%D0%B2%D1%8B%D0%B5);24
115;щитовник мужской;папоротник мужской,щитовник мужской;https://ru.wikipedia.org/wiki/Щитовник_мужской;17
188;гармала;гармала обыкновенная,юзерлик,пиган,адраспан,бибика,могильник обыкновенный,дикая,могильник,стрелина,могильная трава,гармала;https://ru.wikipedia.org/wiki/%D0%93%D0%B0%D1%80%D0%BC%D0%B0%D0%BB%D0%B0_%D0%BE%D0%B1%D1%8B%D0%BA%D0%BD%D0%BE%D0%B2%D0%B5%D0%BD%D0%BD%D0%B0%D1%8F;45,27,17
139;льнянка;льнянка обыкновенная,жабрей,дикий лён,чистик;https://ru.wikipedia.org/wiki/Льнянка_обыкновенная;80,21,61,58,34,26,22,76,92,64,86,33,30,15,17,87,42,26,39,74,38,38,21,11,12,47,
170;яснотка белая;глухая крапива,яснотка белая;https://ru.wikipedia.org/wiki/Яснотка_белая;24
160;медуница лекарственная;медуница лекарственная;https://ru.wikipedia.org/wiki/Медуница_лекарственная;11,74,
172;шелковица белая;шелковица белая;https://ru.wikipedia.org/wiki/Шелковица_белая;11,11,74,64,76,45,17,36,40,26,22,92,44,47,11
150;дымянка лекарственная;дымянка аптечная,дикая рута,дымянка лекарственная;https://ru.wikipedia.org/wiki/Дымянка_лекарственная;24,28,42,64,26,25,45,11,22,47,
173;вероника лекарственная;вероника лекарственная;https://ru.wikipedia.org/wiki/Вероника_лекарственная;32,33,26,34,11,27,48,47,35,19,72,82,37,74,41,21,
322;лаванда узколистная;лаванда колосковая,лаванда узколистная;https://ru.wikipedia.org/wiki/%D0%9B%D0%B0%D0%B2%D0%B0%D0%BD%D0%B4%D0%B0_%D1%83%D0%B7%D0%BA%D0%BE%D0%BB%D0%B8%D1%81%D1%82%D0%BD%D0%B0%D1%8F;45,11,22,40,48,34,21,32,23,47,41
165;татарник колючий;татарник колючий;https://ru.wikipedia.org/wiki/Татарник_колючий;15,37,45,22,76,64,44,58,20
187;мыльнянка лекарственная;мыльнянка лекарственная;https://ru.wikipedia.org/wiki/%D0%9C%D1%8B%D0%BB%D1%8C%D0%BD%D1%8F%D0%BD%D0%BA%D0%B0_%D0%BB%D0%B5%D0%BA%D0%B0%D1%80%D1%81%D1%82%D0%B2%D0%B5%D0%BD%D0%BD%D0%B0%D1%8F;11,74,87,64,86,80,42,50,47,82,48,72,21,26,88,40,37
145;чистотел большой;чистотел большой;https://ru.wikipedia.org/wiki/Чистотел_большой;87,20,33,21,47,15,
195;володушка золотистая;володушка золотистая;https://ru.wikipedia.org/wiki/%D0%92%D0%BE%D0%BB%D0%BE%D0%B4%D1%83%D1%88%D0%BA%D0%B0_%D0%B7%D0%BE%D0%BB%D0%BE%D1%82%D0%B8%D1%81%D1%82%D0%B0%D1%8F;87,21,
144;девясил высокий;девясил высокий;https://ru.wikipedia.org/wiki/Девясил_высокий;74,39,26,17,64,86,34,47,20,45,44,22,30
191;мордовник;мордовник обыкновенный;https://ru.wikipedia.org/wiki/%D0%9C%D0%BE%D1%80%D0%B4%D0%BE%D0%B2%D0%BD%D0%B8%D0%BA_%D0%BE%D0%B1%D1%8B%D0%BA%D0%BD%D0%BE%D0%B2%D0%B5%D0%BD%D0%BD%D1%8B%D0%B9;45,49,76,58,72
183;стальник полевой;стальник полевой;https://ru.wikipedia.org/wiki/Стальник;61,80,
162;заманиха высокая;заманиха высокая;https://ru.wikipedia.org/wiki/Заманиха_высокая;76,58,45,24,
137;дурнишник;дурнишник зобовидный,дурнишник обыкновенный;https://ru.wikipedia.org/wiki/Дурнишник_обыкновенный;57,19,39,25,36,42,11,26,61,47,
169;крушина слабительная;жостер слабительный,крушина слабительная;https://ru.wikipedia.org/wiki/Крушина_слабительная;80,79,
171;борщевик сибирский;пучка,бурша,пикан,борщевик сибирский;https://ru.wikipedia.org/wiki/Борщевик_сибирский;24
182;облепиха крушиновидная;облепиха крушиновая,облепиха крушиновидная;https://ru.wikipedia.org/wiki/Облепиха_крушиновидная;18,41,25,47,35,51,12,11,24,26,56,30,39,94,80
179;горечавка желтая;горечавка желтая;https://ru.wikipedia.org/wiki/Горечавка_жёлтая;26,50,
4;анис;анис обыкновенный;;32,33,26,31,11,19,21
186;фиалковый корень;фиалковый корень,касатик;https://ru.wikipedia.org/w/index.php?title=%D0%98%D1%80%D0%B8%D1%81_(%D1%80%D0%B0%D1%81%D1%82%D0%B5%D0%BD%D0%B8%D0%B5)&redirect=no;24,27,
268;пустырник сердечный;пустырник обыкновенный,пустырник сердечный;https://ru.wikipedia.org/wiki/%D0%9F%D1%83%D1%81%D1%82%D1%8B%D1%80%D0%BD%D0%B8%D0%BA_%D1%81%D0%B5%D1%80%D0%B4%D0%B5%D1%87%D0%BD%D1%8B%D0%B9;22,45,27
158;тимьян;тимьян обыкновенный;https://ru.wikipedia.org/wiki/Тимьян_обыкновенный;19,74,11,11,
192;брусника;брусника обыкновенная;https://ru.wikipedia.org/wiki/%D0%91%D1%80%D1%83%D1%81%D0%BD%D0%B8%D0%BA%D0%B0;19,64,21,24,80,20,87,17,32,53,48,82,76,45,54
163;черника;черничник,черника миртолистная,чернега,черница,черника обыкновенная;https://ru.wikipedia.org/wiki/Черника;24,26,53,35,12,40,
178;безвременник великолепный;безвременник великолепный;https://ru.wikipedia.org/wiki/Безвременник_великолепный;82,45,64,15,
181;авран лекарственный;авран лекарственный;https://ru.wikipedia.org/wiki/Авран_лекарственный;80,22,79,64,33,88,61,26,47,82,
185;клюква болотная;журавлиха,клюква болотная;https://ru.wikipedia.org/wiki/%D0%9A%D0%BB%D1%8E%D0%BA%D0%B2%D0%B0;24,11,48
264;грыжник;грыжник гладкий,собачье мыло,остудник,грыжник голый,грыжник;https://ru.wikipedia.org/wiki/%D0%93%D1%80%D1%8B%D0%B6%D0%BD%D0%B8%D0%BA_%D0%B3%D0%BB%D0%B0%D0%B4%D0%BA%D0%B8%D0%B9;21,22,32,48,23,29,30,20,25,26,41,47,
223;боярышник;боярышник колючий,боярышник обыкновенный;https://ru.wikipedia.org/wiki/%D0%91%D0%BE%D1%8F%D1%80%D1%8B%D1%88%D0%BD%D0%B8%D0%BA_%D0%BE%D0%B1%D1%8B%D0%BA%D0%BD%D0%BE%D0%B2%D0%B5%D0%BD%D0%BD%D1%8B%D0%B9;48,86,22,57,34,45,30,76,59,22,27
215;любисток лекарственный;любисток лекарственный,любисток,любец,зоря,любовное зелье,любим-трава,приворотное зелье,любчик,любим;https://ru.wikipedia.org/wiki/%D0%9B%D1%8E%D0%B1%D0%B8%D1%81%D1%82%D0%BE%D0%BA;26,64,74,20,86,54,11,34,48,45,41,94,41,50,
224;дикая груша;груша обыкновенная,дикая груша;https://ru.wikipedia.org/wiki/%D0%93%D1%80%D1%83%D1%88%D0%B0_%D0%BE%D0%B1%D1%8B%D0%BA%D0%BD%D0%BE%D0%B2%D0%B5%D0%BD%D0%BD%D0%B0%D1%8F;25,19,64,11,55,53,
236;петрушка кудрявая;петрушка курчавая,петрушка кудрявая;https://ru.wikipedia.org/wiki/%D0%9F%D0%B5%D1%82%D1%80%D1%83%D1%88%D0%BA%D0%B0_%D0%BA%D1%83%D0%B4%D1%80%D1%8F%D0%B2%D0%B0%D1%8F;39,41,32,21,40,12,26,58,33,30,45,36,28,22,86,29,39,59,
220;чертополох молочный;чертополох молочный;https://ru.wikipedia.org/wiki/%D0%A0%D0%B0%D1%81%D1%82%D0%BE%D1%80%D0%BE%D0%BF%D1%88%D0%B0;47,22,26,33,21,15,30,39,20,25,41,56,28
242;амми большая;амми большая;https://ru.wikipedia.org/wiki/%D0%90%D0%BC%D0%BC%D0%B8_%D0%B1%D0%BE%D0%BB%D1%8C%D1%88%D0%B0%D1%8F;47
213;бедренец камнеломка;бедренец-камнеломка,бедренец камнеломка;https://ru.wikipedia.org/wiki/%D0%91%D0%B5%D0%B4%D1%80%D0%B5%D0%BD%D0%B5%D1%86_%D0%BA%D0%B0%D0%BC%D0%BD%D0%B5%D0%BB%D0%BE%D0%BC%D0%BA%D0%BE%D0%B2%D1%8B%D0%B9;11,50,64,26,47,74,59,42,32
197;гравилат городской;гравилат городской;https://ru.wikipedia.org/wiki/%D0%93%D1%80%D0%B0%D0%B2%D0%B8%D0%BB%D0%B0%D1%82_%D0%B3%D0%BE%D1%80%D0%BE%D0%B4%D1%81%D0%BA%D0%BE%D0%B9;59,39,44,41,99,42,28
231;овес посевной;овёс обыкновенный,овёс кормовой,овес посевной;https://ru.wikipedia.org/wiki/%D0%9E%D0%B2%D1%91%D1%81_%D0%BF%D0%BE%D1%81%D0%B5%D0%B2%D0%BD%D0%BE%D0%B9;24,26,33,45,22,11,13,47,27,36,23,53,54,32,28,46,55,58,48,86,
233;спаржа лекарственная;спаржа аптечная,спаржа обыкновенная,спаржа лекарственная;https://ru.wikipedia.org/wiki/%D0%A1%D0%BF%D0%B0%D1%80%D0%B6%D0%B0_%D0%BB%D0%B5%D0%BA%D0%B0%D1%80%D1%81%D1%82%D0%B2%D0%B5%D0%BD%D0%BD%D0%B0%D1%8F;21,22,32,58,48,23,33,43,45,86,26,13,47,29,
230;пастернак посевной;пастернак посевной;https://ru.wikipedia.org/wiki/%D0%9F%D0%B0%D1%81%D1%82%D0%B5%D1%80%D0%BD%D0%B0%D0%BA_%D0%BF%D0%BE%D1%81%D0%B5%D0%B2%D0%BD%D0%BE%D0%B9;21,29,30,26,45,25,32,33,11,28,47,22,
205;чистец лесной;чистец лесной;https://ru.wikipedia.org/wiki/%D0%A7%D0%B8%D1%81%D1%82%D0%B5%D1%86_%D0%BB%D0%B5%D1%81%D0%BD%D0%BE%D0%B9;45,39,41,26,33,30,84,76,
296;амми зубная;виснага морковевидная,амми зубная;https://ru.wikipedia.org/wiki/%D0%90%D0%BC%D0%BC%D0%B8_%D0%B7%D1%83%D0%B1%D0%BD%D0%B0%D1%8F;25,26,22,21,32,27,45,11,30
307;лён посевной;лен культурный,лён обыкновенный,лён посевной;https://ru.wikipedia.org/wiki/%D0%9B%D1%91%D0%BD_%D0%BE%D0%B1%D1%8B%D0%BA%D0%BD%D0%BE%D0%B2%D0%B5%D0%BD%D0%BD%D1%8B%D0%B9;11,39,26,39,25,22,35,21,32
267;хвойник двухколосковый;эфедра двухколосковая,хвойник двухколосковый;https://ru.wikipedia.org/wiki/%D0%A5%D0%B2%D0%BE%D0%B9%D0%BD%D0%B8%D0%BA_%D0%B4%D0%B2%D1%83%D1%85%D0%BA%D0%BE%D0%BB%D0%BE%D1%81%D0%BA%D0%BE%D0%B2%D1%8B%D0%B9;11,23,13,38,48,26,39,22,25,34,
315;лабазник;земляные орешки,таволга обыкновенная,лабазник шестилепестковый,лабазник обыкновенный;https://ru.wikipedia.org/wiki/%D0%A2%D0%B0%D0%B2%D0%BE%D0%BB%D0%B3%D0%B0_%D0%BE%D0%B1%D1%8B%D0%BA%D0%BD%D0%BE%D0%B2%D0%B5%D0%BD%D0%BD%D0%B0%D1%8F;59,21,32,26,39,45,38,34,47,50,44,48,61,30,
229;золототысячник;золототысячник малый,золототысячник зонтичный,золототысячник обыкновенный;https://ru.wikipedia.org/wiki/%D0%97%D0%BE%D0%BB%D0%BE%D1%82%D0%BE%D1%82%D1%8B%D1%81%D1%8F%D1%87%D0%BD%D0%B8%D0%BA_%D0%BE%D0%B1%D1%8B%D0%BA%D0%BD%D0%BE%D0%B2%D0%B5%D0%BD%D0%BD%D1%8B%D0%B9;26,32,33
284;медвежье ухо;царский скипетр,медвежье ухо;https://ru.wikipedia.org/wiki/%D0%9A%D0%BE%D1%80%D0%BE%D0%B2%D1%8F%D0%BA_%D0%B2%D1%8B%D1%81%D0%BE%D0%BA%D0%B8%D0%B9;59,25,26,39,11,40,37,47,
237;ревень тангутский;ревень пальчатый,ревень тангутский;https://ru.wikipedia.org/wiki/%D0%A0%D0%B5%D0%B2%D0%B5%D0%BD%D1%8C_%D0%BF%D0%B0%D0%BB%D1%8C%D1%87%D0%B0%D1%82%D1%8B%D0%B9;28,26,24,55,38,39,46,48,59,30,23,11,37,20,47,58,54
227;слива домашняя;слива домашняя;https://ru.wikipedia.org/wiki/%D0%A1%D0%BB%D0%B8%D0%B2%D0%B0_%D0%B4%D0%BE%D0%BC%D0%B0%D1%88%D0%BD%D1%8F%D1%8F;24
228;сочевичник весенний;чина весенняя,сочевичник весенний;https://ru.wikipedia.org/wiki/%D0%A7%D0%B8%D0%BD%D0%B0_%D0%B2%D0%B5%D1%81%D0%B5%D0%BD%D0%BD%D1%8F%D1%8F;22,25,41,45,40,44,21,11,39,26,
277;зайцегуб опьяняющий;зайцегуб опьяняющий;https://ru.wikipedia.org/wiki/%D0%97%D0%B0%D0%B9%D1%86%D0%B5%D0%B3%D1%83%D0%B1_%D0%BE%D0%BF%D1%8C%D1%8F%D0%BD%D1%8F%D1%8E%D1%89%D0%B8%D0%B9;44
263;мальва лесная;просвирник лесной,мальва лесная;https://ru.wikipedia.org/wiki/%D0%9C%D0%B0%D0%BB%D1%8C%D0%B2%D0%B0_%D0%BB%D0%B5%D1%81%D0%BD%D0%B0%D1%8F;11
273;белокопытник гибридный;белокопытник гибридный;https://ru.wikipedia.org/wiki/%D0%91%D0%B5%D0%BB%D0%BE%D0%BA%D0%BE%D0%BF%D1%8B%D1%82%D0%BD%D0%B8%D0%BA_%D0%B3%D0%B8%D0%B1%D1%80%D0%B8%D0%B4%D0%BD%D1%8B%D0%B9;11,17,41,86,48,23,19,20,21,22,32,13,39,34,36,25,
282;виноград культурный;виноград культурный;https://ru.wikipedia.org/wiki/%D0%92%D0%B8%D0%BD%D0%BE%D0%B3%D1%80%D0%B0%D0%B4_%D0%BA%D1%83%D0%BB%D1%8C%D1%82%D1%83%D1%80%D0%BD%D1%8B%D0%B9;24
300;аистник;аистник цикутовый,журавельник цикутовый,грабельки,аистник обыкновенный;https://ru.wikipedia.org/wiki/%D0%90%D0%B8%D1%81%D1%82%D0%BD%D0%B8%D0%BA_%D0%BE%D0%B1%D1%8B%D0%BA%D0%BD%D0%BE%D0%B2%D0%B5%D0%BD%D0%BD%D1%8B%D0%B9;59,44,43,11,26,22,27,45,21,30,41,37,
275;каперсы колючие;каперсы колючие;https://ru.wikipedia.org/wiki/%D0%9A%D0%B0%D0%BF%D0%B5%D1%80%D1%81%D1%8B_%D0%BA%D0%BE%D0%BB%D1%8E%D1%87%D0%B8%D0%B5;21,19,25,57,26,40,41,53,27,45,48,22,
276;подорожник блошиный;подорожник блошный,подорожник песчаный,подорожник индийский,подорожник блошиный;https://ru.wikipedia.org/wiki/%D0%9F%D0%BE%D0%B4%D0%BE%D1%80%D0%BE%D0%B6%D0%BD%D0%B8%D0%BA_%D0%BF%D0%B5%D1%81%D1%87%D0%B0%D0%BD%D1%8B%D0%B9;26,39,
243;кермек гмелина;кермек гмелина;https://ru.wikipedia.org/wiki/%D0%9A%D0%B5%D1%80%D0%BC%D0%B5%D0%BA_%D0%93%D0%BC%D0%B5%D0%BB%D0%B8%D0%BD%D0%B0;59,44,26
280;эвкалипт шариковый;эвкалипт шариковый,эвкалипт голубой,эвкалипт шаровидный,бесстыдница;https://ru.wikipedia.org/wiki/%D0%AD%D0%B2%D0%BA%D0%B0%D0%BB%D0%B8%D0%BF%D1%82_%D1%88%D0%B0%D1%80%D0%BE%D0%B2%D0%B8%D0%B4%D0%BD%D1%8B%D0%B9;39,19,11,58,28,26,16,17,20,37,41,63,35,47,21,30,12,25,48,23,45
292;василистник вонючий;василистник вонючий;https://ru.wikipedia.org/wiki/%D0%92%D0%B0%D1%81%D0%B8%D0%BB%D0%B8%D1%81%D1%82%D0%BD%D0%B8%D0%BA_%D0%B2%D0%BE%D0%BD%D1%8E%D1%87%D0%B8%D0%B9;26,21,36,27,45,39,19,20,41,44,22,86,30,33,23,25,28,15,
297;патриния скабиозолистная;патриния средняя,патриния скабиозолистная;https://ru.wikipedia.org/wiki/%D0%9F%D0%B0%D1%82%D1%80%D0%B8%D0%BD%D0%B8%D1%8F_%D1%81%D0%BA%D0%B0%D0%B1%D0%B8%D0%BE%D0%B7%D0%BE%D0%BB%D0%B8%D1%81%D1%82%D0%BD%D0%B0%D1%8F;27,45,15
295;ирис бледный;касатик бледный,ирис бледный;https://ru.wikipedia.org/wiki/%D0%98%D1%80%D0%B8%D1%81_%D0%B1%D0%BB%D0%B5%D0%B4%D0%BD%D1%8B%D0%B9;11,41,19,20,47
294;дескурения софии;дескурения софии;https://ru.wikipedia.org/wiki/%D0%94%D0%B5%D0%BA%D1%83%D1%80%D0%B5%D0%BD%D0%B8%D1%8F_%D0%A1%D0%BE%D1%84%D0%B8%D0%B8;11,36,26,86,32,21,17,44,30,45,27,55,41,15,39,37,47,22,28,50,
311;базилик мятолистный;базилик мятолистный;https://ru.wikipedia.org/wiki/%D0%91%D0%B0%D0%B7%D0%B8%D0%BB%D0%B8%D0%BA_%D0%BC%D1%8F%D1%82%D0%BE%D0%BB%D0%B8%D1%81%D1%82%D0%BD%D1%8B%D0%B9;25,19,39,26,31,45,22,34,43,40,47,11,48,35,45,12,63